Time,5 μM SAM,10 μM SAM,20 μM SAM,50 μM SAM,100 μM SAM,200 μM SAM
0.0004125,0.090793333,0.110353333,0.133553333,0.133836667,0.15845,0.127236667
0.0008375,0.112176667,0.131676667,0.168523333,0.155253333,0.159856667,0.160256667
0.0012625,0.097473333,0.10616,0.136136667,0.143383333,0.1499,0.147593333
0.001675,0.09613,0.130803333,0.144773333,0.12687,0.14561,0.139243333
0.0021125,0.080766667,0.1209,0.13258,0.14393,0.138603333,0.14098
0.0025375,0.071783333,0.09201,0.125553333,0.10445,0.139183333,0.124826667
0.002975,0.092333333,0.102166667,0.12182,0.11836,0.15415,0.149236667
0.0034125,0.068743333,0.08724,0.11935,0.105976667,0.105556667,0.124276667
0.00385,0.09187,0.102566667,0.14961,0.128426667,0.14268,0.141886667
0.0042875,0.110223333,0.13309,0.131553333,0.131503333,0.17115,0.151246667
0.0047375,0.092043333,0.123136667,0.137663333,0.13597,0.133966667,0.16338
0.0051875,0.087203333,0.12147,0.13225,0.14748,0.13427,0.134396667
0.0056375,0.101653333,0.114603333,0.149566667,0.132263333,0.1436,0.15434
0.0060875,0.094716667,0.094603333,0.1308,0.11601,0.11902,0.13609
0.00655,0.101286667,0.110053333,0.148063333,0.135926667,0.15066,0.14568
0.0070125,0.093416667,0.121103333,0.134763333,0.133046667,0.155596667,0.143903333
0.007475,0.10491,0.129363333,0.13895,0.103646667,0.14062,0.134956667
0.00795,0.10082,0.113893333,0.141696667,0.151053333,0.172336667,0.159223333
0.0084125,0.116696667,0.09481,0.119293333,0.12415,0.134773333,0.13786
0.0088875,0.08866,0.098196667,0.13027,0.130883333,0.13274,0.132206667
0.0093625,0.092626667,0.115526667,0.13374,0.117196667,0.160593333,0.160193333
0.00985,0.123733333,0.135293333,0.134043333,0.136586667,0.144553333,0.118526667
0.0103375,0.118813333,0.134083333,0.160256667,0.156596667,0.152123333,0.158823333
0.010825,0.072726667,0.101923333,0.128846667,0.115616667,0.12205,0.123233333
0.0113125,0.064566667,0.101876667,0.13088,0.12195,0.129976667,0.133456667
0.0118,0.09734,0.118266667,0.134273333,0.130056667,0.14212,0.138063333
0.0123,0.08549,0.114426667,0.127366667,0.10927,0.14298,0.129483333
0.0128,0.103143333,0.125603333,0.155646667,0.11535,0.15325,0.11722
0.0133125,0.12553,0.144106667,0.17347,0.178233333,0.150236667,0.165053333
0.0138125,0.10011,0.10133,0.121733333,0.098213333,0.131876667,0.10954
0.014325,0.08024,0.113343333,0.12298,0.138096667,0.13664,0.12414
0.0148375,0.08737,0.11639,0.123393333,0.113686667,0.109266667,0.12095
0.0153625,0.105063333,0.09493,0.10938,0.112806667,0.11834,0.11006
0.0158875,0.084806667,0.093646667,0.11401,0.12047,0.11624,0.12507
0.0164125,0.091343333,0.11309,0.126556667,0.112406667,0.126306667,0.129576667
0.0169375,0.078226667,0.073243333,0.1017,0.114506667,0.13295,0.107526667
0.017475,0.0962,0.08965,0.11015,0.131483333,0.13675,0.12269
0.0180125,0.093323333,0.111986667,0.143553333,0.130226667,0.12499,0.129426667
0.01855,0.100443333,0.12298,0.13151,0.13578,0.1455,0.132993333
0.0191,0.09788,0.10432,0.131403333,0.137373333,0.150176667,0.1488
0.0196375,0.091016667,0.09976,0.121626667,0.113233333,0.129013333,0.14015
0.0202,0.08648,0.07812,0.122603333,0.134263333,0.143316667,0.13188
0.02075,0.097533333,0.11427,0.147913333,0.14152,0.144893333,0.153876667
0.0213125,0.091003333,0.115563333,0.12561,0.141133333,0.15707,0.137573333
0.021875,0.107096667,0.09723,0.120746667,0.120543333,0.12998,0.11809
0.0224375,0.10171,0.103156667,0.12136,0.13827,0.147763333,0.136556667
0.0230125,0.07781,0.110196667,0.122143333,0.122233333,0.123803333,0.104793333
0.0235875,0.08815,0.109366667,0.143583333,0.12178,0.143053333,0.146666667
0.024175,0.09843,0.100993333,0.12905,0.121636667,0.139876667,0.14288
0.02475,0.089263333,0.112666667,0.114263333,0.131003333,0.147663333,0.127786667
0.0253375,0.063966667,0.082593333,0.12717,0.11614,0.11891,0.128403333
0.0259375,0.13388,0.122496667,0.145586667,0.14742,0.166,0.17036
0.026525,0.076613333,0.12479,0.127306667,0.114323333,0.137903333,0.127956667
0.027125,0.10512,0.128766667,0.127823333,0.140013333,0.16035,0.132763333
0.027725,0.07893,0.100713333,0.118646667,0.123,0.117403333,0.111836667
0.0283375,0.11471,0.110183333,0.116793333,0.13106,0.153066667,0.141736667
0.02895,0.106293333,0.122836667,0.118036667,0.147626667,0.148043333,0.147683333
0.0295625,0.09839,0.118766667,0.122783333,0.12041,0.14646,0.138113333
0.0301875,0.094826667,0.091396667,0.116293333,0.133823333,0.13188,0.13129
0.0308125,0.07145,0.092293333,0.121646667,0.121326667,0.147073333,0.11294
0.0314375,0.0825,0.094033333,0.123043333,0.124126667,0.134506667,0.137433333
0.032075,0.102956667,0.11457,0.125843333,0.119266667,0.146476667,0.126266667
0.0327125,0.10937,0.13033,0.127006667,0.152476667,0.13755,0.142573333
0.0333625,0.092743333,0.114393333,0.123463333,0.121266667,0.16258,0.130386667
0.034,0.063183333,0.103036667,0.112983333,0.12047,0.137223333,0.125383333
0.0346625,0.085866667,0.10227,0.11085,0.113313333,0.12288,0.113973333
0.0353125,0.08706,0.103453333,0.11295,0.123373333,0.12755,0.14279
0.035975,0.099363333,0.113256667,0.14745,0.12351,0.16446,0.14151
0.0366375,0.112163333,0.10728,0.13875,0.13104,0.146103333,0.14138
0.0373125,0.080026667,0.095603333,0.118533333,0.121096667,0.1316,0.11453
0.0379875,0.10477,0.115726667,0.13515,0.13317,0.138483333,0.132236667
0.0386625,0.10693,0.097273333,0.126336667,0.115746667,0.12416,0.13533
0.03935,0.113616667,0.119973333,0.152603333,0.158646667,0.156676667,0.153473333
0.0400375,0.09132,0.094166667,0.093813333,0.091826667,0.108016667,0.116553333
0.040725,0.09237,0.11452,0.105676667,0.114963333,0.127036667,0.110173333
0.041425,0.088956667,0.122133333,0.126396667,0.14027,0.15952,0.14092
0.042125,0.10137,0.088126667,0.119216667,0.135206667,0.126516667,0.12898
0.0428375,0.078206667,0.076853333,0.096616667,0.106743333,0.119036667,0.111413333
0.04355,0.0788,0.108763333,0.120116667,0.114693333,0.143386667,0.1204
0.0442625,0.09694,0.117586667,0.118683333,0.129223333,0.137433333,0.133063333
0.0449875,0.074906667,0.118846667,0.14172,0.134613333,0.128096667,0.14756
0.0457125,0.08829,0.089576667,0.139716667,0.13059,0.12999,0.122613333
0.04645,0.114693333,0.121586667,0.140743333,0.14582,0.15355,0.141183333
0.0471875,0.09476,0.105506667,0.118283333,0.113216667,0.156846667,0.12375
0.0479375,0.087566667,0.091956667,0.131846667,0.10847,0.142623333,0.109023333
0.048675,0.090646667,0.104853333,0.115933333,0.145636667,0.161106667,0.126923333
0.0494375,0.106073333,0.109013333,0.129676667,0.138233333,0.152076667,0.141873333
0.0501875,0.08204,0.092663333,0.125466667,0.11829,0.12547,0.1193
0.05095,0.0656,0.089046667,0.094703333,0.113033333,0.135853333,0.118676667
0.051725,0.09561,0.094123333,0.13726,0.11295,0.142973333,0.122563333
0.0525,0.10701,0.115376667,0.13062,0.126203333,0.147796667,0.135256667
0.053275,0.067476667,0.088686667,0.128206667,0.110323333,0.12228,0.105346667
0.0540625,0.092513333,0.085166667,0.107906667,0.099176667,0.104236667,0.123303333
0.05485,0.107456667,0.10389,0.12073,0.118256667,0.134333333,0.139043333
0.05565,0.102373333,0.1268,0.138076667,0.15651,0.135436667,0.14197
0.05645,0.10429,0.105046667,0.1388,0.143403333,0.134446667,0.131233333
0.0572625,0.095873333,0.104746667,0.140463333,0.134943333,0.157683333,0.153766667
0.058075,0.095813333,0.096416667,0.122266667,0.117253333,0.146313333,0.128776667
0.0588875,0.07652,0.091556667,0.107376667,0.108253333,0.125743333,0.11882
0.0597125,0.108316667,0.109306667,0.110553333,0.108893333,0.11681,0.12415
0.06055,0.077453333,0.097646667,0.117586667,0.102193333,0.127923333,0.125903333
0.061375,0.106006667,0.093683333,0.120646667,0.102726667,0.146923333,0.134023333
0.062225,0.101206667,0.104706667,0.103236667,0.109983333,0.13854,0.118396667
0.063075,0.098416667,0.103553333,0.12525,0.116543333,0.126383333,0.122623333
0.063925,0.096263333,0.098543333,0.117543333,0.100266667,0.121576667,0.136223333
0.0647875,0.106696667,0.123923333,0.146806667,0.15027,0.143793333,0.12938
0.06565,0.09075,0.1033,0.120613333,0.114813333,0.134053333,0.112486667
0.0665125,0.09085,0.108636667,0.14441,0.13301,0.13824,0.145813333
0.0674,0.08273,0.097936667,0.117273333,0.119566667,0.13577,0.114266667
0.068275,0.10609,0.100193333,0.135163333,0.131076667,0.14339,0.134516667
0.0691625,0.09315,0.09218,0.115726667,0.11174,0.12631,0.126163333
0.0700625,0.094513333,0.112033333,0.11615,0.118213333,0.11614,0.12231
0.0709625,0.082546667,0.08728,0.120476667,0.111456667,0.113596667,0.127893333
0.071875,0.09186,0.109066667,0.12568,0.128826667,0.129406667,0.13048
0.0727875,0.07343,0.079306667,0.09579,0.111293333,0.115603333,0.112983333
0.0737,0.06334,0.071703333,0.107333333,0.104603333,0.114626667,0.105973333
0.0746375,0.083806667,0.092736667,0.110423333,0.119853333,0.13871,0.12131
0.0755625,0.098473333,0.115516667,0.125363333,0.116536667,0.127313333,0.129866667
0.0765,0.095136667,0.096786667,0.120153333,0.130653333,0.142163333,0.122576667
0.07745,0.084536667,0.097446667,0.115106667,0.118023333,0.12791,0.11812
0.0784,0.096636667,0.096673333,0.126543333,0.122606667,0.11572,0.12387
0.0793625,0.123616667,0.114733333,0.146603333,0.14925,0.14815,0.139956667
0.080325,0.079496667,0.10535,0.109043333,0.121793333,0.129916667,0.112793333
0.0813,0.08867,0.083336667,0.122833333,0.10992,0.117056667,0.126243333
0.0822875,0.104226667,0.114716667,0.132266667,0.14173,0.138866667,0.140876667
0.0832625,0.09203,0.09401,0.12968,0.126636667,0.145466667,0.13254
0.0842625,0.08336,0.09766,0.111943333,0.09675,0.108296667,0.100386667
0.0852625,0.111543333,0.11267,0.116283333,0.113286667,0.139136667,0.120896667
0.0862625,0.089603333,0.089803333,0.099813333,0.119373333,0.145616667,0.120746667
0.0872875,0.11266,0.107406667,0.14131,0.129263333,0.14503,0.13582
0.0883,0.1081,0.10734,0.123703333,0.134236667,0.13158,0.12807
0.0893375,0.108773333,0.119743333,0.12989,0.139716667,0.14427,0.139716667
0.0903625,0.093203333,0.085936667,0.123463333,0.117426667,0.12859,0.115706667
0.0914125,0.079976667,0.105193333,0.130676667,0.132393333,0.140043333,0.129986667
0.0924625,0.113746667,0.10528,0.1288,0.142933333,0.13855,0.146843333
0.0935125,0.09715,0.108163333,0.102163333,0.10243,0.125023333,0.122143333
0.094575,0.082976667,0.08154,0.116166667,0.10523,0.125793333,0.12483
0.09565,0.090676667,0.109856667,0.12215,0.12512,0.13331,0.137093333
0.096725,0.09338,0.083236667,0.1007,0.106813333,0.121786667,0.105256667
0.0978125,0.096,0.105416667,0.10269,0.13662,0.12631,0.12905
0.0989125,0.091213333,0.08326,0.115303333,0.11411,0.129663333,0.122086667
0.100013,0.096053333,0.087463333,0.11859,0.116333333,0.1287,0.130423333
0.101125,0.09986,0.110676667,0.124423333,0.12864,0.134136667,0.137193333
0.102238,0.079563333,0.07996,0.106726667,0.120933333,0.132316667,0.11986
0.103363,0.095503333,0.107766667,0.13736,0.134816667,0.156723333,0.133656667
0.1045,0.067533333,0.092823333,0.11502,0.111026667,0.116286667,0.101616667
0.105637,0.09003,0.098906667,0.133826667,0.128986667,0.14413,0.13833
0.106788,0.091453333,0.099,0.118323333,0.11891,0.122576667,0.13111
0.107937,0.09343,0.107066667,0.117886667,0.126493333,0.129583333,0.12927
0.1091,0.088323333,0.100536667,0.116546667,0.10848,0.137983333,0.119043333
0.110275,0.0871,0.09468,0.11022,0.11221,0.12241,0.121656667
0.11145,0.097013333,0.10846,0.127606667,0.12901,0.1248,0.13001
0.11265,0.0934,0.096676667,0.121283333,0.12636,0.12656,0.136926667
0.113838,0.094403333,0.11292,0.11845,0.1212,0.130306667,0.119983333
0.11505,0.071526667,0.095063333,0.123476667,0.116833333,0.123383333,0.133876667
0.116263,0.101623333,0.115296667,0.1297,0.135063333,0.15971,0.14693
0.117475,0.07743,0.099386667,0.12438,0.116706667,0.137576667,0.120726667
0.118712,0.096626667,0.09393,0.106283333,0.111446667,0.125723333,0.110213333
0.11995,0.08667,0.0897,0.104433333,0.12728,0.127356667,0.12482
0.1212,0.110383333,0.11573,0.13016,0.127836667,0.133173333,0.127756667
0.12245,0.08932,0.10259,0.114696667,0.123666667,0.13672,0.136733333
0.123713,0.07636,0.093506667,0.114263333,0.1134,0.130563333,0.1212
0.124987,0.10919,0.11751,0.117756667,0.12143,0.138013333,0.129163333
0.126275,0.084026667,0.088036667,0.106766667,0.126576667,0.13104,0.124466667
0.127562,0.085696667,0.091726667,0.114406667,0.120333333,0.115906667,0.124596667
0.128863,0.088916667,0.09204,0.113973333,0.118206667,0.12821,0.140123333
0.130175,0.08767,0.082283333,0.109483333,0.12093,0.12509,0.11978
0.131488,0.090126667,0.104713333,0.135546667,0.119213333,0.127796667,0.13407
0.132825,0.10034,0.096343333,0.126863333,0.114316667,0.139766667,0.125343333
0.13415,0.106563333,0.10619,0.133543333,0.123856667,0.145353333,0.139686667
0.1355,0.089193333,0.082653333,0.117746667,0.11321,0.134476667,0.1367
0.136863,0.095063333,0.104936667,0.117323333,0.126543333,0.127926667,0.127023333
0.138225,0.098406667,0.105263333,0.113036667,0.117993333,0.135123333,0.128406667
0.1396,0.073216667,0.08854,0.113456667,0.105276667,0.13377,0.102546667
0.140975,0.100816667,0.110273333,0.126213333,0.13169,0.12722,0.127966667
0.142375,0.086893333,0.079423333,0.09774,0.108126667,0.123883333,0.108806667
0.143775,0.076076667,0.098256667,0.11457,0.124666667,0.128736667,0.114526667
0.145187,0.0966,0.10843,0.11573,0.13001,0.14555,0.127796667
0.146612,0.10388,0.101713333,0.112086667,0.117016667,0.13393,0.136333333
0.148037,0.082416667,0.089666667,0.10744,0.10531,0.122903333,0.12341
0.149487,0.086613333,0.08964,0.115243333,0.104203333,0.118803333,0.112623333
0.150937,0.09269,0.087233333,0.110186667,0.107033333,0.125743333,0.122726667
0.1524,0.086306667,0.093586667,0.10781,0.114876667,0.11914,0.127806667
0.153875,0.072486667,0.092943333,0.10315,0.115743333,0.120936667,0.111033333
0.15535,0.09252,0.089376667,0.116323333,0.131466667,0.124076667,0.12298
0.15685,0.110026667,0.10799,0.116833333,0.124573333,0.14416,0.128863333
0.15835,0.087353333,0.099633333,0.107903333,0.11016,0.113336667,0.127303333
0.159863,0.092286667,0.099366667,0.134083333,0.12467,0.12741,0.118496667
0.161388,0.08902,0.08565,0.111223333,0.112053333,0.12492,0.117183333
0.162925,0.096736667,0.11001,0.117703333,0.12877,0.139463333,0.128683333
0.164463,0.097866667,0.1091,0.132993333,0.11516,0.13022,0.11975
0.166025,0.09221,0.107533333,0.110203333,0.142643333,0.129873333,0.13248
0.167588,0.088283333,0.089983333,0.107606667,0.106583333,0.118086667,0.109693333
0.169162,0.081513333,0.0934,0.111276667,0.11868,0.123696667,0.108023333
0.17075,0.090133333,0.10394,0.120483333,0.11476,0.131256667,0.129406667
0.17235,0.097176667,0.094133333,0.133263333,0.121763333,0.12555,0.119113333
0.173963,0.08221,0.088173333,0.108013333,0.11668,0.122556667,0.12375
0.175588,0.09255,0.10628,0.12039,0.125536667,0.141626667,0.13184
0.177225,0.091206667,0.10055,0.124806667,0.11894,0.129646667,0.13098
0.178862,0.086396667,0.090746667,0.097926667,0.10507,0.114946667,0.111543333
0.180525,0.089106667,0.090973333,0.10293,0.104163333,0.11525,0.107106667
0.182187,0.079356667,0.086276667,0.10283,0.10138,0.120173333,0.110216667
0.183863,0.091506667,0.096913333,0.12712,0.126913333,0.114186667,0.12805
0.185563,0.090213333,0.096343333,0.108366667,0.114243333,0.12932,0.119466667
0.187263,0.081206667,0.09425,0.10099,0.1078,0.10524,0.11594
0.188975,0.084286667,0.088516667,0.106833333,0.115073333,0.12655,0.10543
0.1907,0.090153333,0.094793333,0.120276667,0.121563333,0.128343333,0.12888
0.192437,0.088233333,0.103576667,0.121423333,0.12279,0.11716,0.131393333
0.194188,0.087656667,0.092853333,0.119856667,0.112233333,0.125326667,0.127676667
0.19595,0.083183333,0.099093333,0.117436667,0.12481,0.124033333,0.117456667
0.197725,0.089416667,0.10261,0.110793333,0.118623333,0.117676667,0.114926667
0.199512,0.08013,0.08348,0.107686667,0.10735,0.11075,0.10136
0.201312,0.087256667,0.09802,0.10333,0.117193333,0.116416667,0.113323333
0.203112,0.08282,0.105473333,0.112343333,0.111373333,0.116356667,0.116236667
0.204938,0.07357,0.08078,0.10372,0.10898,0.101296667,0.101563333
0.206775,0.072803333,0.0928,0.101313333,0.11584,0.116636667,0.10347
0.208625,0.07914,0.089426667,0.095046667,0.09477,0.11949,0.110946667
0.210487,0.086956667,0.08656,0.105816667,0.116106667,0.123043333,0.126286667
0.212362,0.085773333,0.096196667,0.11023,0.112673333,0.126323333,0.118
0.21425,0.07814,0.094013333,0.118356667,0.119076667,0.122156667,0.119636667
0.21615,0.086866667,0.08979,0.110056667,0.113223333,0.123443333,0.10911
0.218063,0.07928,0.082853333,0.094023333,0.10672,0.112713333,0.102606667
0.22,0.086766667,0.08422,0.10827,0.109976667,0.11366,0.111043333
0.221938,0.084866667,0.091203333,0.11081,0.107076667,0.123296667,0.117783333
0.223888,0.086856667,0.103723333,0.110853333,0.112623333,0.120416667,0.11941
0.225863,0.088083333,0.09251,0.10658,0.12518,0.125903333,0.107806667
0.227838,0.072586667,0.097883333,0.103936667,0.110556667,0.102686667,0.113263333
0.229838,0.081443333,0.09445,0.10615,0.107956667,0.130303333,0.116706667
0.23185,0.08642,0.089183333,0.11457,0.113146667,0.133563333,0.124726667
0.233863,0.08969,0.100583333,0.10931,0.11279,0.119783333,0.12515
0.2359,0.086936667,0.09935,0.11496,0.11107,0.12443,0.129363333
0.23795,0.094103333,0.109943333,0.113626667,0.12088,0.12854,0.11255
0.240025,0.09723,0.09705,0.12673,0.116636667,0.123616667,0.126983333
0.2421,0.090443333,0.109056667,0.125,0.109696667,0.12354,0.118836667
0.2442,0.083163333,0.08678,0.11512,0.11471,0.130346667,0.113736667
0.2463,0.08191,0.09801,0.10884,0.1105,0.122433333,0.117056667
0.248425,0.087356667,0.10136,0.118526667,0.12485,0.12733,0.115603333
0.250562,0.071896667,0.080046667,0.096816667,0.100673333,0.112883333,0.103946667
0.252712,0.080493333,0.098933333,0.110956667,0.109833333,0.11555,0.110906667
0.254887,0.083,0.09503,0.11103,0.10834,0.11984,0.118496667
0.257062,0.093443333,0.09539,0.112936667,0.114283333,0.111626667,0.120796667
0.259263,0.084243333,0.083506667,0.09462,0.110223333,0.111186667,0.09705
0.261475,0.079473333,0.094193333,0.09963,0.109553333,0.122053333,0.127316667
0.263712,0.08425,0.094946667,0.112226667,0.120016667,0.114763333,0.117213333
0.26595,0.093843333,0.096116667,0.101756667,0.11471,0.122403333,0.112816667
0.268212,0.077753333,0.087126667,0.099026667,0.099766667,0.112756667,0.108756667
0.270487,0.087986667,0.087796667,0.10884,0.106843333,0.12247,0.116246667
0.272775,0.081133333,0.098183333,0.117726667,0.1125,0.133306667,0.106653333
0.275088,0.086863333,0.09713,0.113626667,0.11628,0.123503333,0.12181
0.2774,0.079916667,0.08833,0.10939,0.106926667,0.116646667,0.125156667
0.279738,0.071086667,0.08156,0.100963333,0.11123,0.112563333,0.10555
0.2821,0.084783333,0.087746667,0.10254,0.110673333,0.1222,0.114226667
0.284475,0.08276,0.093363333,0.10948,0.11012,0.12226,0.110806667
0.286862,0.075076667,0.089976667,0.11034,0.109386667,0.111226667,0.10598
0.289263,0.083576667,0.09112,0.101306667,0.101596667,0.116566667,0.11334
0.291687,0.075733333,0.092353333,0.102846667,0.104223333,0.11962,0.10854
0.294125,0.087466667,0.084263333,0.110066667,0.111246667,0.110033333,0.113616667
0.296575,0.0855,0.089253333,0.114723333,0.124623333,0.12911,0.119826667
0.29905,0.087533333,0.105376667,0.119913333,0.111053333,0.122796667,0.127846667
0.301538,0.077546667,0.077976667,0.100786667,0.106333333,0.101846667,0.10028
0.304038,0.083733333,0.08641,0.108046667,0.106403333,0.123966667,0.115823333
0.306563,0.094106667,0.095886667,0.115266667,0.122476667,0.115386667,0.11621
0.3091,0.097663333,0.105793333,0.111293333,0.12241,0.123073333,0.126913333
0.311662,0.067423333,0.082256667,0.094803333,0.101976667,0.107976667,0.102513333
0.314238,0.086556667,0.09342,0.11396,0.12213,0.1227,0.125373333
0.316837,0.080413333,0.088066667,0.10688,0.10987,0.114993333,0.116396667
0.31945,0.07802,0.08529,0.096306667,0.10685,0.107396667,0.113293333
0.322075,0.08208,0.094383333,0.10532,0.112916667,0.121053333,0.120256667
0.324725,0.078643333,0.089743333,0.106733333,0.103243333,0.115803333,0.11077
0.327388,0.079773333,0.092286667,0.09877,0.10193,0.121326667,0.109013333
0.330075,0.076953333,0.09064,0.099776667,0.10504,0.116743333,0.105366667
0.332788,0.079293333,0.09126,0.103273333,0.104303333,0.111786667,0.106313333
0.3355,0.08583,0.093913333,0.10379,0.110863333,0.120696667,0.120136667
0.33825,0.085133333,0.0868,0.104746667,0.10116,0.109726667,0.11592
0.341013,0.08,0.091363333,0.11325,0.112543333,0.115386667,0.120826667
0.343787,0.083036667,0.094506667,0.10905,0.106273333,0.117496667,0.11181
0.346588,0.095093333,0.099766667,0.12147,0.112256667,0.12192,0.125443333
0.3494,0.079046667,0.0852,0.10567,0.101006667,0.111113333,0.102693333
0.352237,0.084646667,0.101906667,0.112653333,0.109836667,0.12979,0.112626667
0.3551,0.080223333,0.093863333,0.110126667,0.10449,0.120316667,0.11936
0.357975,0.095246667,0.08632,0.11657,0.11421,0.123543333,0.11932
0.360875,0.085043333,0.0907,0.108796667,0.111586667,0.120526667,0.117783333
0.363788,0.07885,0.084206667,0.102326667,0.107953333,0.11512,0.107953333
0.366725,0.084226667,0.082463333,0.105923333,0.09901,0.113213333,0.101756667
0.369687,0.075426667,0.078833333,0.098246667,0.102016667,0.112723333,0.11292
0.372663,0.081563333,0.08808,0.104893333,0.11099,0.11682,0.12061
0.375663,0.07743,0.08336,0.098483333,0.103733333,0.110123333,0.110433333
0.378688,0.068603333,0.07992,0.09152,0.101873333,0.103226667,0.11213
0.381725,0.089426667,0.10014,0.112073333,0.12332,0.119636667,0.123153333
0.384787,0.073806667,0.076646667,0.095506667,0.106736667,0.11211,0.10373
0.387875,0.080793333,0.08474,0.11154,0.10542,0.119216667,0.126046667
0.390975,0.073043333,0.088703333,0.100723333,0.097533333,0.11409,0.10686
0.3941,0.08091,0.094556667,0.11001,0.111756667,0.11783,0.11927
0.39725,0.07265,0.083783333,0.0981,0.099273333,0.11495,0.104193333
0.400412,0.093866667,0.093153333,0.1089,0.112573333,0.115236667,0.11305
0.403612,0.07224,0.0841,0.10084,0.110973333,0.116053333,0.109126667
0.406825,0.07606,0.089553333,0.099343333,0.109966667,0.11824,0.120023333
0.410062,0.07604,0.07561,0.10707,0.097793333,0.107633333,0.103803333
0.413312,0.079263333,0.085903333,0.101283333,0.10129,0.116063333,0.10536
0.4166,0.072276667,0.079006667,0.103473333,0.100403333,0.108423333,0.101183333
0.4199,0.080073333,0.085806667,0.09387,0.10684,0.11512,0.111473333
0.423225,0.08518,0.09032,0.104823333,0.111476667,0.11345,0.11064
0.426575,0.08129,0.08645,0.09868,0.113466667,0.11704,0.10788
0.42995,0.07609,0.078683333,0.098643333,0.103316667,0.105363333,0.10501
0.43335,0.080646667,0.083896667,0.09969,0.115926667,0.125726667,0.11028
0.436763,0.06422,0.080226667,0.09768,0.10072,0.105503333,0.09833
0.440212,0.073673333,0.081356667,0.098046667,0.099233333,0.108166667,0.099903333
0.443675,0.072586667,0.07389,0.09158,0.101483333,0.107813333,0.100436667
0.447163,0.07928,0.080943333,0.094903333,0.10055,0.1131,0.10343
0.450687,0.078776667,0.07629,0.09765,0.099126667,0.10786,0.098173333
0.454225,0.077793333,0.07656,0.095413333,0.099463333,0.110263333,0.093746667
0.457788,0.070153333,0.07898,0.098663333,0.09419,0.10961,0.096443333
0.461375,0.07194,0.081753333,0.093206667,0.103773333,0.111646667,0.10074
0.464987,0.074496667,0.077256667,0.096546667,0.102806667,0.113203333,0.10515
0.468625,0.069916667,0.08511,0.09755,0.104786667,0.111146667,0.103986667
0.472288,0.08356,0.079206667,0.0949,0.104476667,0.114893333,0.100903333
0.475987,0.06283,0.07427,0.09451,0.09691,0.105596667,0.098176667
0.4797,0.080206667,0.091733333,0.1034,0.101856667,0.112826667,0.108723333
0.483438,0.076716667,0.081223333,0.100633333,0.099093333,0.106863333,0.105173333
0.487213,0.07431,0.079956667,0.09709,0.095386667,0.106306667,0.101246667
0.491,0.067136667,0.072513333,0.093166667,0.101306667,0.101156667,0.098406667
0.494825,0.063686667,0.08155,0.09996,0.096796667,0.105646667,0.104786667
0.498663,0.06834,0.07998,0.08549,0.096393333,0.112356667,0.09909
0.502537,0.085723333,0.089543333,0.100896667,0.100213333,0.115483333,0.10569
0.506437,0.06614,0.07637,0.099046667,0.09559,0.109046667,0.105213333
0.510363,0.079126667,0.07743,0.096273333,0.10227,0.109863333,0.103356667
0.514313,0.073236667,0.072196667,0.09467,0.102703333,0.10801,0.10426
0.5183,0.07961,0.08095,0.11127,0.09613,0.109803333,0.104453333
0.5223,0.075036667,0.07562,0.098533333,0.10127,0.11334,0.104856667
0.526338,0.06319,0.07603,0.0814,0.086233333,0.09821,0.088696667
0.530412,0.071496667,0.073016667,0.099836667,0.09829,0.10791,0.09939
0.5345,0.07656,0.075313333,0.09678,0.10167,0.11052,0.09541
0.538625,0.066016667,0.07435,0.09317,0.08955,0.102403333,0.092566667
0.542775,0.078713333,0.082866667,0.10407,0.109296667,0.116433333,0.11211
0.54695,0.067713333,0.075576667,0.097176667,0.097386667,0.111063333,0.105003333
0.55115,0.074033333,0.085123333,0.093983333,0.099106667,0.109603333,0.09864
0.555387,0.074373333,0.088503333,0.096033333,0.0985,0.106676667,0.10052
0.559663,0.08761,0.084753333,0.10533,0.101566667,0.122943333,0.108933333
0.56395,0.07348,0.08114,0.099573333,0.101073333,0.108003333,0.09992
0.568275,0.057603333,0.074586667,0.092553333,0.095416667,0.097666667,0.09396
0.572637,0.080273333,0.082826667,0.10822,0.097156667,0.11488,0.105153333
0.577012,0.08497,0.082523333,0.109593333,0.113,0.112406667,0.110013333
0.581438,0.070826667,0.07696,0.0973,0.099786667,0.109966667,0.10766
0.585875,0.068533333,0.080026667,0.099043333,0.100493333,0.10918,0.103646667
0.59035,0.07277,0.081823333,0.095356667,0.10172,0.105016667,0.095666667
0.594863,0.06074,0.065133333,0.080486667,0.086373333,0.09733,0.0887
0.5994,0.072873333,0.080566667,0.09735,0.095133333,0.103266667,0.098556667
0.603975,0.075193333,0.071193333,0.096623333,0.101413333,0.105343333,0.095683333
0.608575,0.071236667,0.07077,0.09494,0.09817,0.109736667,0.097363333
0.613213,0.07929,0.086986667,0.098063333,0.096163333,0.110093333,0.104506667
0.617875,0.06871,0.073553333,0.093286667,0.086716667,0.105096667,0.095706667
0.622575,0.074283333,0.08048,0.099463333,0.103286667,0.112156667,0.098283333
0.627312,0.068896667,0.07702,0.098276667,0.1034,0.1101,0.10144
0.632075,0.06502,0.072286667,0.09766,0.099796667,0.11135,0.10024
0.636875,0.062723333,0.077036667,0.099036667,0.094876667,0.107543333,0.097153333
0.6417,0.069073333,0.073353333,0.099553333,0.098263333,0.10772,0.101333333
0.646563,0.05995,0.068206667,0.087523333,0.09697,0.095146667,0.09243
0.651462,0.075116667,0.077636667,0.091193333,0.097576667,0.103286667,0.099983333
0.656388,0.067103333,0.076903333,0.09042,0.090626667,0.10849,0.100186667
0.661363,0.07658,0.08072,0.094923333,0.095446667,0.105933333,0.09993
0.666363,0.069073333,0.074316667,0.099986667,0.09906,0.103616667,0.105756667
0.6714,0.066066667,0.07129,0.089146667,0.088876667,0.096493333,0.095533333
0.676462,0.069973333,0.074186667,0.08998,0.090963333,0.09734,0.096716667
0.681562,0.063366667,0.070486667,0.091353333,0.097723333,0.110233333,0.09432
0.686713,0.067363333,0.068316667,0.092696667,0.08928,0.098973333,0.088043333
0.691887,0.066763333,0.080846667,0.094476667,0.099166667,0.102603333,0.101763333
0.6971,0.062086667,0.074943333,0.082223333,0.085513333,0.095583333,0.089006667
0.70235,0.066116667,0.07124,0.08977,0.096466667,0.103376667,0.09271
0.707625,0.07753,0.079213333,0.092576667,0.09369,0.107546667,0.092806667
0.71295,0.06625,0.07219,0.094253333,0.08943,0.102163333,0.092283333
0.718313,0.07053,0.080966667,0.09228,0.103723333,0.107633333,0.103193333
0.7237,0.06853,0.072253333,0.09485,0.097213333,0.109116667,0.10121
0.729137,0.065266667,0.074206667,0.09409,0.088013333,0.099626667,0.10547
0.7346,0.06463,0.07315,0.08843,0.093793333,0.10544,0.089293333
0.740112,0.069076667,0.08044,0.097646667,0.095116667,0.111913333,0.10391
0.745663,0.06617,0.073013333,0.08142,0.0935,0.10208,0.092103333
0.751238,0.068846667,0.06636,0.093626667,0.08951,0.10217,0.095623333
0.756863,0.05875,0.071376667,0.0846,0.085723333,0.102806667,0.08408
0.762525,0.068893333,0.07342,0.087136667,0.093756667,0.094146667,0.0921
0.768225,0.06282,0.068703333,0.085753333,0.087253333,0.099,0.09026
0.773975,0.064803333,0.069926667,0.0861,0.095436667,0.099346667,0.095466667
0.77975,0.059046667,0.073683333,0.083183333,0.088463333,0.098863333,0.091853333
0.785575,0.073183333,0.07172,0.0934,0.0978,0.100613333,0.09958
0.791438,0.063603333,0.065883333,0.089326667,0.08819,0.098166667,0.091903333
0.797337,0.06532,0.077023333,0.09004,0.083256667,0.102333333,0.092323333
0.803275,0.06782,0.069366667,0.088153333,0.092943333,0.100726667,0.091633333
0.809263,0.061346667,0.069536667,0.089236667,0.089226667,0.099466667,0.08978
0.815287,0.06026,0.070323333,0.086453333,0.081996667,0.097513333,0.089083333
0.82135,0.064196667,0.068753333,0.084276667,0.089376667,0.10099,0.08968
0.827462,0.067936667,0.06481,0.080696667,0.0889,0.097983333,0.091986667
0.833613,0.05848,0.06925,0.081323333,0.08244,0.099376667,0.086636667
0.839813,0.063446667,0.061463333,0.086886667,0.084853333,0.09602,0.094013333
0.84605,0.070473333,0.072946667,0.08688,0.086833333,0.101316667,0.086913333
0.852325,0.074333333,0.072513333,0.095283333,0.10129,0.10357,0.098576667
0.85865,0.058353333,0.072413333,0.082386667,0.087993333,0.10184,0.08461
0.865025,0.063416667,0.06756,0.08405,0.089843333,0.098253333,0.086093333
0.871437,0.057983333,0.064933333,0.08375,0.085543333,0.09755,0.090093333
0.877887,0.064213333,0.07684,0.090346667,0.08942,0.09984,0.091606667
0.884387,0.06796,0.076153333,0.089323333,0.09072,0.10235,0.097436667
0.890938,0.064893333,0.069346667,0.089323333,0.08614,0.10075,0.086603333
0.897525,0.070013333,0.0801,0.088143333,0.09382,0.10364,0.098886667
0.904163,0.06424,0.06786,0.084893333,0.08627,0.09758,0.091223333
0.91085,0.063946667,0.062376667,0.081803333,0.090286667,0.09205,0.089536667
0.917575,0.064873333,0.073223333,0.08948,0.08815,0.09694,0.092763333
0.92435,0.064123333,0.06738,0.082933333,0.09074,0.09636,0.09304
0.931175,0.05551,0.06465,0.081513333,0.08779,0.095983333,0.087863333
0.93805,0.065806667,0.067953333,0.092036667,0.09066,0.100103333,0.093406667
0.944963,0.055956667,0.060173333,0.08084,0.08707,0.09594,0.082963333
0.951937,0.063346667,0.07289,0.083403333,0.086323333,0.096806667,0.08836
0.95895,0.05958,0.067816667,0.0846,0.08287,0.098096667,0.08629
0.966012,0.058116667,0.065576667,0.080096667,0.083293333,0.090283333,0.083823333
0.973125,0.060063333,0.06778,0.07878,0.07912,0.093413333,0.08828
0.980287,0.058993333,0.07092,0.08273,0.087236667,0.096116667,0.08872
0.987487,0.06098,0.064886667,0.081876667,0.089666667,0.096596667,0.09234
0.99475,0.063326667,0.069763333,0.08688,0.088913333,0.09458,0.089113333
1.00206,0.062313333,0.063033333,0.08204,0.082746667,0.094516667,0.089096667
1.00943,0.057003333,0.063646667,0.08173,0.07743,0.088096667,0.078766667
1.01684,0.05255,0.06665,0.082463333,0.081556667,0.090793333,0.08851
1.0243,0.057706667,0.065416667,0.083336667,0.08648,0.090103333,0.078903333
1.03182,0.05633,0.068356667,0.076286667,0.09004,0.09461,0.08767
1.03939,0.05794,0.059583333,0.087806667,0.082536667,0.094666667,0.087286667
1.04701,0.05799,0.056676667,0.08335,0.083433333,0.09321,0.088086667
1.05469,0.055256667,0.068046667,0.08072,0.083726667,0.095136667,0.08613
1.06241,0.060166667,0.069486667,0.08312,0.089566667,0.09118,0.08872
1.07019,0.058846667,0.06315,0.078316667,0.080796667,0.087743333,0.086123333
1.07802,0.057946667,0.068723333,0.083726667,0.084126667,0.096813333,0.087563333
1.08591,0.060123333,0.071833333,0.08476,0.084353333,0.091033333,0.088773333
1.09385,0.055346667,0.056573333,0.077186667,0.075926667,0.086776667,0.080846667
1.10185,0.05857,0.068143333,0.08011,0.09054,0.09418,0.09146
1.10991,0.0625,0.065653333,0.078676667,0.08549,0.093616667,0.0865
1.11801,0.059153333,0.060476667,0.07722,0.086153333,0.089686667,0.082313333
1.12619,0.06233,0.067603333,0.077516667,0.0855,0.094656667,0.086256667
1.1344,0.063293333,0.06385,0.08127,0.08278,0.091353333,0.084763333
1.14269,0.055063333,0.061506667,0.073256667,0.080166667,0.09193,0.086976667
1.15103,0.061276667,0.06954,0.0878,0.08643,0.09342,0.09116
1.15941,0.04385,0.0491,0.068516667,0.076496667,0.079073333,0.07446
1.16786,0.056073333,0.065933333,0.08376,0.079276667,0.091176667,0.079803333
1.17638,0.05853,0.06349,0.082413333,0.082503333,0.08886,0.08964
1.18495,0.062763333,0.064433333,0.081203333,0.083013333,0.091906667,0.084953333
1.19358,0.049706667,0.06196,0.08033,0.077263333,0.08837,0.08585
1.20226,0.057376667,0.066006667,0.07969,0.07939,0.090846667,0.083563333
1.21101,0.051446667,0.054903333,0.071436667,0.075593333,0.086046667,0.077933333
1.21983,0.05647,0.05929,0.082093333,0.084236667,0.089256667,0.08914
1.2287,0.055656667,0.063036667,0.074883333,0.076266667,0.092513333,0.080496667
1.23763,0.054083333,0.058693333,0.07863,0.07512,0.08576,0.080643333
1.24662,0.053696667,0.06501,0.081243333,0.084483333,0.089753333,0.085436667
1.25569,0.053043333,0.061543333,0.076556667,0.074686667,0.083773333,0.080076667
1.2648,0.053136667,0.065263333,0.075503333,0.080746667,0.088133333,0.078733333
1.27399,0.062083333,0.067913333,0.078303333,0.082943333,0.09167,0.08154
1.28324,0.054673333,0.060686667,0.08088,0.082016667,0.084123333,0.082036667
1.29254,0.053283333,0.062246667,0.07527,0.081696667,0.084413333,0.080016667
1.30192,0.047586667,0.05474,0.071206667,0.070186667,0.08178,0.07582
1.31136,0.05741,0.059526667,0.075123333,0.080886667,0.087906667,0.073983333
1.32086,0.05479,0.058856667,0.082733333,0.07923,0.091386667,0.08317
1.33044,0.0521,0.060173333,0.073816667,0.075336667,0.087306667,0.07966
1.34008,0.04907,0.05866,0.07551,0.07548,0.083763333,0.081296667
1.34977,0.061293333,0.055883333,0.078433333,0.08015,0.088833333,0.08321
1.35955,0.052276667,0.059663333,0.07965,0.080536667,0.087016667,0.08255
1.36939,0.057656667,0.058893333,0.074023333,0.08241,0.08679,0.085323333
1.3793,0.04705,0.055113333,0.067333333,0.071573333,0.083123333,0.077076667
1.38927,0.053413333,0.059406667,0.074376667,0.077803333,0.082846667,0.076466667
1.39933,0.051533333,0.058986667,0.071626667,0.07612,0.082163333,0.07654
1.40944,0.052133333,0.06076,0.077206667,0.079926667,0.088,0.077576667
1.41963,0.051436667,0.053693333,0.07666,0.079333333,0.08683,0.07771
1.42988,0.055053333,0.05634,0.077533333,0.080706667,0.08553,0.080906667
1.44021,0.05007,0.057576667,0.07585,0.071803333,0.08161,0.073826667
1.4506,0.05047,0.058693333,0.07352,0.073753333,0.08777,0.077613333
1.46107,0.054613333,0.063966667,0.074363333,0.079313333,0.088646667,0.080243333
1.47162,0.049963333,0.05451,0.07491,0.074633333,0.086443333,0.077823333
1.48224,0.04732,0.049283333,0.06878,0.076403333,0.081793333,0.074493333
1.49293,0.052213333,0.060953333,0.0737,0.07426,0.0843,0.079906667
1.50369,0.052086667,0.051893333,0.06775,0.072333333,0.08091,0.071333333
1.51453,0.0482,0.05555,0.07291,0.079096667,0.087523333,0.080426667
1.52545,0.04848,0.05266,0.074616667,0.074793333,0.085096667,0.075763333
1.53644,0.054466667,0.055746667,0.07198,0.078626667,0.082226667,0.079173333
1.5475,0.04992,0.05684,0.072233333,0.073883333,0.08418,0.073993333
1.55864,0.049583333,0.056736667,0.07429,0.072496667,0.08308,0.078386667
1.56986,0.052063333,0.05747,0.069993333,0.075273333,0.081346667,0.07469
1.58116,0.049096667,0.06051,0.073373333,0.074793333,0.086873333,0.075636667
1.59254,0.051603333,0.0591,0.06859,0.077033333,0.083876667,0.075926667
1.60399,0.051803333,0.054276667,0.073323333,0.075843333,0.084936667,0.08093
1.61553,0.05127,0.054056667,0.065473333,0.07634,0.076106667,0.07467
1.62714,0.052543333,0.054853333,0.074243333,0.073953333,0.086876667,0.076696667
1.63884,0.050136667,0.057003333,0.068836667,0.071373333,0.087853333,0.076116667
1.65061,0.050913333,0.058486667,0.065396667,0.07251,0.08358,0.06935
1.66246,0.04854,0.054853333,0.06794,0.06879,0.081836667,0.0763
1.67441,0.0513,0.054666667,0.072466667,0.072326667,0.081806667,0.074386667
1.68642,0.051573333,0.059626667,0.074386667,0.071846667,0.084836667,0.075983333
1.69854,0.046543333,0.056176667,0.06709,0.068916667,0.082913333,0.074466667
1.71072,0.046076667,0.057373333,0.06917,0.069973333,0.081236667,0.074766667
1.723,0.054366667,0.057523333,0.07463,0.074306667,0.088046667,0.07391
1.73536,0.04819,0.049616667,0.071013333,0.076183333,0.08137,0.074486667
1.7478,0.046633333,0.05188,0.06585,0.07532,0.0838,0.077486667
1.76034,0.044783333,0.0506,0.06775,0.070723333,0.078526667,0.07595
1.77295,0.05216,0.055486667,0.069623333,0.07782,0.08142,0.07764
1.78566,0.048906667,0.051073333,0.065766667,0.071106667,0.080083333,0.07209
1.79845,0.049023333,0.053583333,0.064493333,0.06532,0.076753333,0.069976667
1.81134,0.046196667,0.049903333,0.06366,0.07169,0.07672,0.07071
1.8243,0.04636,0.05206,0.064196667,0.06813,0.078536667,0.071796667
1.83736,0.045916667,0.048133333,0.066963333,0.068386667,0.07512,0.0713
1.85051,0.049363333,0.0502,0.067236667,0.07042,0.080163333,0.07251
1.86376,0.047803333,0.048533333,0.06657,0.06589,0.077493333,0.065406667
1.8771,0.042006667,0.053353333,0.06631,0.069136667,0.078206667,0.072093333
1.89052,0.04785,0.052913333,0.06848,0.06901,0.0796,0.07276
1.90405,0.04453,0.048893333,0.064583333,0.066413333,0.077496667,0.063463333
1.91766,0.044256667,0.04597,0.067883333,0.065916667,0.074256667,0.066506667
1.93136,0.04307,0.04647,0.06627,0.06529,0.076536667,0.06174
1.94518,0.04875,0.05764,0.06592,0.070623333,0.07497,0.071936667
1.95907,0.045096667,0.052103333,0.06315,0.06881,0.078783333,0.071506667
1.97306,0.04713,0.053616667,0.069673333,0.070496667,0.081256667,0.072656667
1.98716,0.04682,0.05107,0.06631,0.065133333,0.076003333,0.06756
2.00135,0.043963333,0.048013333,0.06282,0.06828,0.07793,0.0711
2.01564,0.04349,0.051653333,0.06057,0.069223333,0.074466667,0.06882
2.03003,0.042136667,0.043713333,0.065646667,0.063253333,0.069726667,0.065996667
2.04451,0.042103333,0.047526667,0.061763333,0.062913333,0.072796667,0.064973333
2.0591,0.040946667,0.050213333,0.063493333,0.066703333,0.073506667,0.067183333
2.07379,0.048213333,0.051496667,0.066753333,0.070006667,0.0766,0.071066667
2.08857,0.040256667,0.048436667,0.06039,0.06398,0.07274,0.064766667
2.10348,0.045233333,0.045133333,0.063593333,0.063456667,0.071796667,0.067326667
2.11846,0.044263333,0.04967,0.064586667,0.071136667,0.074436667,0.06488
2.13356,0.044263333,0.047826667,0.065213333,0.066683333,0.07328,0.068463333
2.14878,0.039546667,0.046136667,0.061736667,0.065856667,0.07773,0.066713333
2.16409,0.0456,0.052076667,0.067703333,0.072193333,0.08057,0.072693333
2.1795,0.044063333,0.049733333,0.06667,0.066676667,0.07557,0.069596667
2.19502,0.041526667,0.051586667,0.065996667,0.066346667,0.07528,0.068366667
2.21065,0.039023333,0.04818,0.063326667,0.065473333,0.076196667,0.06872
2.2264,0.037893333,0.04417,0.058453333,0.061986667,0.070166667,0.064566667
2.24224,0.04095,0.04659,0.060903333,0.06493,0.07334,0.064536667
2.2582,0.039153333,0.049926667,0.06072,0.064326667,0.076223333,0.069583333
2.27428,0.041553333,0.048983333,0.06547,0.06331,0.07635,0.067843333
2.29045,0.043143333,0.048153333,0.062166667,0.067776667,0.07173,0.068493333
2.30675,0.037093333,0.04734,0.058123333,0.063326667,0.069903333,0.064343333
2.32315,0.040763333,0.046136667,0.060536667,0.060916667,0.069406667,0.064096667
2.33966,0.038603333,0.047066667,0.061296667,0.061323333,0.07001,0.065526667
2.3563,0.03851,0.044416667,0.06161,0.05967,0.070926667,0.06444
2.37305,0.04217,0.04669,0.06686,0.066066667,0.075596667,0.070496667
2.38991,0.04048,0.046316667,0.06278,0.065356667,0.07337,0.064116667
2.4069,0.03627,0.04381,0.061723333,0.059086667,0.07387,0.0604
2.424,0.04149,0.049156667,0.058796667,0.067643333,0.070313333,0.0648
2.44121,0.04022,0.045723333,0.06181,0.06328,0.072096667,0.0645
2.45855,0.036076667,0.043406667,0.057466667,0.062486667,0.070836667,0.062306667
2.47601,0.03868,0.043853333,0.058126667,0.064656667,0.069086667,0.061763333
2.49359,0.03514,0.03988,0.055453333,0.06051,0.067946667,0.059566667
2.51129,0.0337,0.038803333,0.05529,0.057916667,0.065976667,0.058286667
2.52911,0.038176667,0.04708,0.06009,0.0647,0.06883,0.062106667
2.54706,0.0368,0.044086667,0.057173333,0.060743333,0.069696667,0.061273333
2.56514,0.0367,0.04389,0.061356667,0.062803333,0.070723333,0.061566667
2.58332,0.032083333,0.04422,0.05767,0.056273333,0.071393333,0.059086667
2.60165,0.041196667,0.048083333,0.06579,0.064463333,0.07329,0.066626667
2.6201,0.0369,0.03899,0.05889,0.058666667,0.064326667,0.060756667
2.63867,0.04044,0.04397,0.057516667,0.063103333,0.07172,0.062553333
2.65739,0.038,0.04192,0.060783333,0.062756667,0.068886667,0.05859
2.67622,0.03535,0.044546667,0.061,0.062956667,0.070086667,0.06174
2.69519,0.03907,0.045603333,0.060546667,0.06413,0.068803333,0.062873333
2.71429,0.038573333,0.040156667,0.06011,0.061453333,0.066076667,0.061406667
2.73351,0.04165,0.04463,0.061016667,0.058856667,0.070543333,0.06493
2.75288,0.034186667,0.03743,0.051776667,0.054356667,0.064483333,0.055136667
2.77238,0.035146667,0.04329,0.056553333,0.05857,0.068653333,0.062426667
2.79201,0.037813333,0.040133333,0.060626667,0.06193,0.070543333,0.06008
2.81177,0.030666667,0.038946667,0.05457,0.055783333,0.06761,0.056523333
2.83169,0.035523333,0.039526667,0.056186667,0.06025,0.065263333,0.055873333
2.85173,0.034883333,0.042996667,0.05393,0.05779,0.066143333,0.062083333
2.87191,0.034296667,0.04311,0.054263333,0.05674,0.067266667,0.060196667
2.89224,0.031286667,0.03873,0.051463333,0.056116667,0.064266667,0.0593
2.9127,0.034333333,0.040653333,0.05614,0.061383333,0.066793333,0.06004
2.93331,0.034076667,0.041823333,0.05552,0.061763333,0.066066667,0.059946667
2.95405,0.030716667,0.04151,0.055453333,0.056843333,0.067496667,0.059023333
2.97495,0.036703333,0.043976667,0.057353333,0.06026,0.06748,0.05872
2.99599,0.032493333,0.040606667,0.058513333,0.058546667,0.066633333,0.05932
3.01716,0.031256667,0.04177,0.054033333,0.058393333,0.065756667,0.056973333
3.0385,0.034633333,0.044603333,0.056143333,0.059003333,0.064613333,0.06316
3.05997,0.036526667,0.040373333,0.055576667,0.059013333,0.06474,0.056126667
3.0816,0.033166667,0.036613333,0.054823333,0.057676667,0.066286667,0.055703333
3.10337,0.0318,0.042643333,0.052793333,0.056656667,0.068773333,0.057493333
3.12531,0.036083333,0.042916667,0.057966667,0.057716667,0.06952,0.060636667
3.14739,0.033776667,0.041566667,0.055353333,0.054436667,0.066906667,0.055633333
3.16961,0.031606667,0.039586667,0.05453,0.053016667,0.066613333,0.055123333
3.192,0.03331,0.038536667,0.05443,0.054113333,0.0634,0.055506667
3.21455,0.03588,0.041666667,0.055156667,0.057713333,0.065423333,0.058803333
3.23725,0.03599,0.03971,0.055146667,0.057773333,0.066956667,0.06079
3.2601,0.03126,0.03657,0.05337,0.052206667,0.060363333,0.053286667
3.28311,0.03134,0.037683333,0.05396,0.054893333,0.06211,0.054976667
3.30629,0.035286667,0.040503333,0.05808,0.05841,0.06509,0.057296667
3.32962,0.028653333,0.03808,0.05128,0.052173333,0.06367,0.054043333
3.35311,0.032856667,0.038473333,0.052016667,0.055396667,0.062513333,0.057416667
3.37678,0.031153333,0.0363,0.049963333,0.054323333,0.064813333,0.056326667
3.4006,0.035566667,0.03707,0.056906667,0.058786667,0.063456667,0.0544
3.42459,0.03001,0.035883333,0.053693333,0.053383333,0.062683333,0.055063333
3.44874,0.031616667,0.03652,0.052776667,0.05625,0.06339,0.055506667
3.47306,0.027136667,0.03199,0.05007,0.053293333,0.06124,0.050863333
3.49755,0.031826667,0.03803,0.051613333,0.0528,0.05963,0.052786667
3.52221,0.030263333,0.037043333,0.05343,0.055206667,0.063653333,0.055116667
3.54704,0.034223333,0.041883333,0.05252,0.05378,0.06267,0.055776667
3.57205,0.02917,0.036506667,0.05109,0.053526667,0.060463333,0.052403333
3.59722,0.030506667,0.03506,0.050903333,0.053153333,0.061963333,0.053176667
3.62258,0.027406667,0.03373,0.048376667,0.051633333,0.058043333,0.04869
3.6481,0.029796667,0.03553,0.049716667,0.052486667,0.059923333,0.049663333
3.6738,0.030623333,0.03649,0.054943333,0.05318,0.064126667,0.052776667
3.69969,0.033246667,0.037243333,0.055073333,0.05428,0.063333333,0.05658
3.72575,0.025603333,0.034583333,0.04726,0.050586667,0.060766667,0.05131
3.75199,0.02754,0.03625,0.048526667,0.052193333,0.05632,0.04938
3.77841,0.03294,0.034723333,0.048216667,0.055416667,0.059036667,0.055186667
3.80501,0.02676,0.03646,0.04846,0.05176,0.056476667,0.049466667
3.83181,0.031163333,0.03762,0.05169,0.051613333,0.061206667,0.05177
3.85879,0.029803333,0.037426667,0.051883333,0.0532,0.061816667,0.05323
3.88595,0.027453333,0.039093333,0.047366667,0.051643333,0.062163333,0.052263333
3.9133,0.028333333,0.03644,0.048863333,0.054763333,0.061726667,0.050193333
3.94084,0.0349,0.039666667,0.054296667,0.05359,0.063603333,0.053646667
3.96858,0.03221,0.036963333,0.051266667,0.053816667,0.059876667,0.05433
3.9965,0.031633333,0.037456667,0.050373333,0.053303333,0.05517,0.05027
4.02461,0.031016667,0.037046667,0.050433333,0.05061,0.059226667,0.050173333
4.05293,0.02673,0.031923333,0.04807,0.049026667,0.056986667,0.04753
4.08144,0.03057,0.03474,0.051203333,0.052303333,0.05853,0.05092
4.11015,0.02318,0.031016667,0.043023333,0.044533333,0.055,0.0473
4.13905,0.03131,0.03637,0.04973,0.05239,0.061343333,0.053416667
4.16816,0.026063333,0.031993333,0.046023333,0.049416667,0.051893333,0.04859
4.19746,0.026316667,0.030666667,0.049086667,0.04845,0.056926667,0.045286667
4.22697,0.030016667,0.035056667,0.047496667,0.05269,0.060286667,0.052026667
4.2567,0.027523333,0.030213333,0.045346667,0.050003333,0.056323333,0.046996667
4.28661,0.027386667,0.035886667,0.04664,0.053786667,0.058483333,0.050843333
4.31675,0.030043333,0.03421,0.04927,0.05177,0.058893333,0.04796
4.34709,0.0283,0.03334,0.051613333,0.052313333,0.059016667,0.051123333
4.37764,0.027753333,0.03562,0.048676667,0.050853333,0.060023333,0.052716667
4.40839,0.02422,0.028176667,0.041096667,0.04782,0.053323333,0.04559
4.43936,0.027556667,0.030176667,0.046103333,0.04726,0.060613333,0.049133333
4.47055,0.028536667,0.031063333,0.048756667,0.047996667,0.059036667,0.049706667
4.50196,0.023443333,0.03221,0.0447,0.04821,0.05594,0.047466667
4.53358,0.028056667,0.035953333,0.047443333,0.05096,0.0592,0.05148
4.56542,0.02802,0.0334,0.047883333,0.047526667,0.057776667,0.049266667
4.59749,0.026213333,0.0325,0.046436667,0.047506667,0.055573333,0.045653333
4.62976,0.025776667,0.0315,0.043926667,0.047356667,0.054243333,0.047383333
4.66227,0.026143333,0.032256667,0.045603333,0.0484,0.054113333,0.0449
4.69501,0.02599,0.031386667,0.04355,0.048413333,0.058176667,0.047716667
4.72796,0.02702,0.0343,0.04915,0.05094,0.054626667,0.049586667
4.76116,0.0266,0.03046,0.04768,0.05073,0.054316667,0.046246667
4.79458,0.02825,0.032213333,0.044966667,0.048826667,0.056793333,0.048366667
4.82823,0.026306667,0.03086,0.045343333,0.04534,0.052013333,0.04316
4.86211,0.025123333,0.027293333,0.040716667,0.041976667,0.055223333,0.04585
4.89622,0.02574,0.032343333,0.0437,0.048353333,0.053856667,0.047306667
4.93059,0.022896667,0.03074,0.043336667,0.047253333,0.05327,0.04521
4.96518,0.026793333,0.030536667,0.048046667,0.04563,0.057353333,0.046573333
5.00001,0.027816667,0.02922,0.042673333,0.047766667,0.053533333,0.045566667
5.03509,0.027393333,0.03128,0.04518,0.04804,0.055196667,0.04748
5.0704,0.027353333,0.032096667,0.0445,0.04918,0.055103333,0.05026
5.10596,0.02843,0.03121,0.044046667,0.047966667,0.055246667,0.04593
5.14178,0.023906667,0.028356667,0.04365,0.04568,0.05259,0.04512
5.17782,0.024656667,0.026896667,0.04035,0.045123333,0.05274,0.046373333
5.21414,0.0234,0.026076667,0.04177,0.043393333,0.048406667,0.042733333
5.25069,0.025893333,0.03006,0.043196667,0.043313333,0.052343333,0.045076667
5.2875,0.021516667,0.027653333,0.04565,0.042636667,0.05223,0.04434
5.32457,0.02193,0.027046667,0.041576667,0.042813333,0.05384,0.046943333
5.3619,0.024526667,0.02799,0.04199,0.045076667,0.051776667,0.045963333
5.39948,0.022576667,0.030176667,0.040393333,0.04543,0.053456667,0.04322
5.43733,0.024243333,0.030253333,0.04484,0.047703333,0.054396667,0.046526667
5.47542,0.027286667,0.032953333,0.04491,0.044863333,0.051256667,0.04509
5.5138,0.023616667,0.02785,0.040966667,0.042916667,0.04915,0.044923333
5.55244,0.022513333,0.02894,0.042876667,0.043943333,0.05082,0.041696667
5.59134,0.024206667,0.026486667,0.042423333,0.040966667,0.053176667,0.043893333
5.63051,0.019643333,0.02658,0.04047,0.042323333,0.05245,0.041346667
5.66995,0.023766667,0.026366667,0.041703333,0.04618,0.050526667,0.043256667
5.70967,0.019463333,0.023736667,0.039456667,0.043463333,0.048353333,0.040346667
5.74966,0.022513333,0.02692,0.039726667,0.043853333,0.052856667,0.042393333
5.78994,0.024443333,0.029496667,0.04314,0.043106667,0.05211,0.042416667
5.83049,0.022376667,0.028653333,0.0417,0.04183,0.052843333,0.04192
5.87131,0.021916667,0.02446,0.041366667,0.044566667,0.050333333,0.04002
5.91244,0.02116,0.026823333,0.039333333,0.041813333,0.049376667,0.039716667
5.95384,0.020046667,0.02473,0.037566667,0.042073333,0.048626667,0.039793333
5.99551,0.021703333,0.026893333,0.040033333,0.040433333,0.050863333,0.04267
6.03749,0.02189,0.026356667,0.039776667,0.041883333,0.0492,0.04198
6.07976,0.02168,0.0256,0.03873,0.041346667,0.04772,0.039876667
6.12231,0.02382,0.02757,0.04242,0.04325,0.051916667,0.045083333
6.16517,0.021953333,0.026136667,0.03869,0.04101,0.04922,0.04012
6.20832,0.023996667,0.02823,0.042136667,0.04405,0.04978,0.04454
6.25177,0.021643333,0.026536667,0.04063,0.041683333,0.049496667,0.04143
6.29553,0.02109,0.02542,0.039143333,0.040956667,0.047886667,0.04003
6.33957,0.020266667,0.025583333,0.039253333,0.038523333,0.04966,0.038213333
6.38394,0.019886667,0.024333333,0.037383333,0.039333333,0.046926667,0.038543333
6.4286,0.019586667,0.024373333,0.036853333,0.042163333,0.049286667,0.039696667
6.47358,0.019356667,0.024643333,0.037256667,0.04004,0.047163333,0.038683333
6.51888,0.021083333,0.024586667,0.037566667,0.03851,0.048636667,0.040533333
6.56448,0.019853333,0.025986667,0.04027,0.040636667,0.047826667,0.039183333
6.61039,0.0181,0.025536667,0.04111,0.042106667,0.04984,0.039976667
6.65662,0.018863333,0.023773333,0.037143333,0.038876667,0.04837,0.040386667
6.70319,0.01497,0.021173333,0.03665,0.040733333,0.047003333,0.03616
6.75006,0.021703333,0.02336,0.03982,0.040016667,0.047853333,0.03764
6.79728,0.01886,0.02231,0.03696,0.039923333,0.0473,0.036366667
6.8448,0.019873333,0.025293333,0.039366667,0.038933333,0.049676667,0.038466667
6.89266,0.02023,0.02693,0.037646667,0.041163333,0.047533333,0.039626667
6.94086,0.018786667,0.02312,0.039266667,0.038873333,0.044893333,0.035563333
6.98939,0.019263333,0.02469,0.04074,0.038093333,0.047446667,0.03886
7.03825,0.017326667,0.02063,0.036353333,0.038976667,0.04595,0.033913333
7.08745,0.02039,0.02435,0.037676667,0.04447,0.04776,0.038106667
7.137,0.020786667,0.023923333,0.03683,0.040986667,0.046173333,0.037126667
7.18689,0.020466667,0.024876667,0.038243333,0.03943,0.046496667,0.036366667
7.23711,0.017353333,0.022236667,0.032826667,0.03973,0.04527,0.034916667
7.2877,0.01837,0.02303,0.03625,0.04037,0.04561,0.035756667
7.33862,0.017883333,0.023713333,0.036816667,0.038873333,0.044493333,0.036036667
7.38991,0.0204,0.023983333,0.038023333,0.042643333,0.04587,0.03824
7.44155,0.01998,0.023086667,0.035456667,0.040213333,0.048076667,0.03626
7.49355,0.020636667,0.0222,0.037483333,0.037443333,0.046303333,0.03637
7.54591,0.01898,0.024336667,0.037116667,0.038126667,0.046736667,0.035986667
7.59864,0.018693333,0.02411,0.03569,0.04217,0.048386667,0.03871
7.65172,0.015583333,0.021916667,0.032726667,0.034666667,0.042353333,0.035243333
7.70517,0.01869,0.025113333,0.037276667,0.03994,0.047,0.03872
7.759,0.018676667,0.02184,0.03435,0.038186667,0.045226667,0.034593333
7.8132,0.01422,0.01927,0.033606667,0.036086667,0.042786667,0.03405
7.86777,0.018746667,0.020773333,0.036826667,0.038306667,0.044136667,0.035903333
7.92273,0.01719,0.02164,0.033033333,0.035123333,0.042503333,0.034703333
7.97806,0.015943333,0.021083333,0.033033333,0.035396667,0.044583333,0.034193333
8.03378,0.018126667,0.019846667,0.032863333,0.036213333,0.044056667,0.033883333
8.08988,0.017683333,0.021576667,0.035406667,0.03639,0.04381,0.037443333
8.14637,0.015753333,0.021196667,0.034433333,0.035773333,0.04292,0.03436
8.20326,0.016423333,0.023103333,0.036116667,0.03697,0.04604,0.031936667
8.26054,0.016963333,0.022743333,0.03409,0.036163333,0.04453,0.035903333
8.31821,0.016896667,0.019793333,0.032113333,0.0351,0.04263,0.033343333
8.37629,0.016193333,0.02032,0.03354,0.036773333,0.043806667,0.034523333
8.43476,0.01857,0.019866667,0.035033333,0.036,0.04449,0.034376667
8.49365,0.016866667,0.019626667,0.034023333,0.035106667,0.041686667,0.03389
8.55294,0.018276667,0.020976667,0.036283333,0.037046667,0.04418,0.03496
8.61264,0.019,0.021683333,0.03597,0.03519,0.043923333,0.036053333
8.67275,0.017073333,0.01993,0.03431,0.035703333,0.043893333,0.031986667
8.73329,0.01573,0.020573333,0.035666667,0.036936667,0.04401,0.033316667
8.79424,0.017166667,0.019006667,0.033516667,0.03433,0.042913333,0.032046667
8.85561,0.018723333,0.022713333,0.033856667,0.03479,0.04428,0.03509
8.91741,0.017463333,0.02121,0.03421,0.03536,0.042413333,0.033353333
8.97964,0.015606667,0.017843333,0.034206667,0.034786667,0.042876667,0.032726667
9.0423,0.01367,0.018806667,0.034863333,0.032483333,0.04065,0.030926667
9.1054,0.013153333,0.01887,0.031586667,0.03119,0.03814,0.029456667
9.16893,0.018233333,0.0219,0.034446667,0.03612,0.042163333,0.03356
9.2329,0.016786667,0.021246667,0.03575,0.03632,0.04191,0.03499
9.29731,0.017316667,0.020446667,0.033846667,0.037236667,0.043043333,0.03417
9.36217,0.014723333,0.020173333,0.031673333,0.033463333,0.042146667,0.034173333
9.42749,0.014316667,0.018596667,0.03249,0.032643333,0.041003333,0.031503333
9.49325,0.014233333,0.018643333,0.03324,0.03492,0.04186,0.03097
9.55947,0.015126667,0.01941,0.034553333,0.035483333,0.040546667,0.033406667
9.62615,0.014476667,0.01709,0.031606667,0.032103333,0.040523333,0.029816667
9.69329,0.012123333,0.01718,0.030356667,0.033903333,0.039066667,0.0289
9.7609,0.01694,0.017356667,0.033896667,0.03404,0.03979,0.031533333
9.82897,0.013963333,0.019106667,0.033023333,0.034726667,0.0409,0.030586667
9.89752,0.012533333,0.0171,0.03187,0.032003333,0.038946667,0.029726667
9.96654,0.01649,0.020356667,0.03443,0.03495,0.040753333,0.03097
10.036,0.013753333,0.018483333,0.031393333,0.032316667,0.039266667,0.02855
10.106,0.01457,0.018746667,0.029943333,0.035286667,0.04013,0.03278
10.1765,0.0125,0.015163333,0.029266667,0.03117,0.038226667,0.027596667
10.2474,0.013123333,0.017613333,0.031876667,0.033893333,0.039433333,0.03204
10.3189,0.013083333,0.016563333,0.030053333,0.033046667,0.03735,0.02831
10.3908,0.01241,0.01495,0.028463333,0.032026667,0.038253333,0.028243333
10.4633,0.014073333,0.016796667,0.029296667,0.031856667,0.03802,0.03154
10.5362,0.013006667,0.017343333,0.032453333,0.03285,0.03888,0.030023333
10.6097,0.014593333,0.01919,0.03226,0.033716667,0.03976,0.029986667
10.6836,0.01401,0.017563333,0.030656667,0.033416667,0.039706667,0.028873333
10.7581,0.01294,0.01716,0.029686667,0.03095,0.037743333,0.02942
10.8331,0.01269,0.01557,0.029963333,0.03418,0.038756667,0.030696667
10.9086,0.0155,0.0197,0.030693333,0.03434,0.041676667,0.03179
10.9846,0.01703,0.01633,0.031913333,0.032316667,0.039526667,0.030066667
11.0612,0.014336667,0.01681,0.03001,0.030643333,0.038903333,0.028386667
11.1383,0.014536667,0.01691,0.029896667,0.03251,0.03805,0.028453333
11.2159,0.01533,0.018613333,0.031886667,0.0339,0.039203333,0.0299
11.2941,0.017126667,0.018663333,0.031916667,0.03408,0.041353333,0.031043333
11.3728,0.01259,0.016996667,0.02873,0.029656667,0.038226667,0.028216667
11.452,0.013643333,0.01635,0.029613333,0.03134,0.040506667,0.029943333
11.5318,0.013616667,0.015823333,0.031313333,0.03241,0.037903333,0.026946667
11.6122,0.014726667,0.017533333,0.032166667,0.031963333,0.038686667,0.028843333
11.6931,0.01531,0.01901,0.03121,0.032666667,0.03938,0.03042
11.7745,0.01216,0.015536667,0.029733333,0.030763333,0.038086667,0.026693333
11.8566,0.01311,0.01645,0.030166667,0.031583333,0.03809,0.027496667
11.9392,0.013086667,0.014096667,0.029033333,0.029083333,0.03709,0.026646667
12.0224,0.01271,0.015763333,0.031526667,0.03304,0.03804,0.02731
12.1061,0.01473,0.016176667,0.029616667,0.031376667,0.038923333,0.027796667
12.1904,0.011296667,0.015956667,0.0284,0.031156667,0.036133333,0.028023333
12.2753,0.01112,0.015246667,0.02822,0.03176,0.037496667,0.02541
12.3609,0.01311,0.015973333,0.03045,0.032453333,0.036913333,0.027353333
12.4469,0.011513333,0.015413333,0.027026667,0.02938,0.03307,0.024736667
12.5336,0.014126667,0.015563333,0.029063333,0.032083333,0.037576667,0.027583333
12.6209,0.012133333,0.01614,0.030646667,0.029486667,0.034826667,0.02546
12.7088,0.01338,0.014066667,0.02721,0.031986667,0.035583333,0.02758
12.7973,0.01189,0.013863333,0.026963333,0.02997,0.033426667,0.025253333
12.8865,0.012076667,0.015296667,0.02923,0.03087,0.036016667,0.025463333
12.9762,0.01062,0.014423333,0.026163333,0.02916,0.036366667,0.023643333
13.0666,0.012096667,0.015973333,0.029846667,0.030633333,0.035736667,0.025973333
13.1576,0.01123,0.01452,0.02699,0.03007,0.03625,0.025136667
13.2492,0.010673333,0.014903333,0.0273,0.02637,0.03572,0.024766667
13.3414,0.009436667,0.013133333,0.02563,0.029436667,0.033806667,0.022853333
13.4343,0.009686667,0.014723333,0.02761,0.0303,0.03547,0.024826667
13.5279,0.011113333,0.015166667,0.02644,0.02901,0.034163333,0.023783333
13.6221,0.010156667,0.01544,0.026833333,0.027926667,0.03375,0.024983333
13.7169,0.01338,0.01459,0.029756667,0.03006,0.03581,0.025396667
13.8124,0.01027,0.01332,0.027396667,0.028303333,0.033843333,0.025066667
13.9086,0.009553333,0.01242,0.02545,0.02761,0.0331,0.02365
14.0054,0.008473333,0.012843333,0.025553333,0.02809,0.035313333,0.022666667
14.1029,0.009936667,0.013263333,0.026443333,0.026243333,0.033006667,0.02483
14.201,0.009863333,0.013626667,0.025533333,0.026436667,0.03237,0.02397
14.2999,0.00824,0.01327,0.026206667,0.02847,0.033243333,0.02294
14.3994,0.009896667,0.014823333,0.025336667,0.028593333,0.033583333,0.02329
14.4997,0.00908,0.011843333,0.026403333,0.024956667,0.032656667,0.022546667
14.6006,0.010483333,0.012756667,0.026196667,0.02783,0.032656667,0.02346
14.7022,0.009873333,0.013426667,0.027553333,0.027756667,0.033466667,0.023613333
14.8045,0.011386667,0.01468,0.026363333,0.028156667,0.033173333,0.024386667
14.9076,0.008376667,0.011666667,0.024713333,0.026826667,0.031793333,0.022126667
15.0113,0.011913333,0.013033333,0.027403333,0.026423333,0.034066667,0.022893333
15.1158,0.008556667,0.013756667,0.02587,0.02729,0.032603333,0.023026667
15.221,0.008763333,0.012696667,0.02482,0.024833333,0.03437,0.022186667
15.3269,0.009796667,0.01158,0.026766667,0.025713333,0.03348,0.022653333
15.4336,0.009703333,0.01392,0.025276667,0.026403333,0.033173333,0.023553333
15.541,0.009463333,0.012736667,0.027116667,0.02697,0.032333333,0.022996667
15.6491,0.00924,0.011576667,0.024913333,0.023963333,0.031966667,0.01957
15.758,0.008493333,0.01115,0.02578,0.025556667,0.03158,0.02084
15.8676,0.008033333,0.01151,0.024936667,0.027003333,0.03156,0.02082
15.978,0.009163333,0.01179,0.025373333,0.0254,0.033273333,0.022253333
16.0892,0.0115,0.01224,0.024266667,0.025093333,0.032233333,0.020133333
16.2012,0.007263333,0.012633333,0.022126667,0.02509,0.031676667,0.02167
16.3139,0.009053333,0.011586667,0.02437,0.026723333,0.032783333,0.02224
16.4274,0.00795,0.009843333,0.024056667,0.02402,0.03007,0.019423333
16.5417,0.00871,0.01106,0.0225,0.023523333,0.030616667,0.0181
16.6567,0.0081,0.012103333,0.022436667,0.025496667,0.031253333,0.019686667
16.7726,0.009156667,0.011276667,0.023043333,0.02382,0.031733333,0.02046
16.8893,0.009883333,0.010853333,0.02486,0.02639,0.031266667,0.0222
17.0068,0.0096,0.011263333,0.0235,0.025486667,0.030186667,0.02062
17.1251,0.008453333,0.011003333,0.023626667,0.02546,0.032376667,0.019706667
17.2442,0.009346667,0.011746667,0.024326667,0.02546,0.032696667,0.02164
17.3641,0.00607,0.010066667,0.02202,0.022433333,0.030086667,0.018683333
17.4849,0.00937,0.010533333,0.024733333,0.026553333,0.03146,0.020916667
17.6065,0.00858,0.011826667,0.021826667,0.023856667,0.030156667,0.02102
17.729,0.007856667,0.009796667,0.021943333,0.023816667,0.028906667,0.020826667
17.8523,0.00946,0.01289,0.02484,0.026153333,0.03162,0.021036667
17.9765,0.00929,0.01079,0.02319,0.02543,0.030433333,0.019383333
18.1015,0.0106,0.011373333,0.023336667,0.026823333,0.031963333,0.02039
18.2274,0.008273333,0.011893333,0.023733333,0.027203333,0.030846667,0.01994
18.3541,0.010386667,0.012746667,0.023893333,0.02511,0.030876667,0.020513333
18.4818,0.00745,0.00927,0.022983333,0.02405,0.029276667,0.019366667
18.6103,0.008063333,0.00951,0.022636667,0.024406667,0.028946667,0.01908
18.7397,0.008203333,0.01062,0.02289,0.022553333,0.02941,0.01895
18.87,0.009153333,0.01158,0.023143333,0.02459,0.031,0.01986
19.0012,0.00744,0.009556667,0.02311,0.023806667,0.028593333,0.018313333
19.1334,0.009056667,0.011053333,0.022956667,0.026243333,0.030226667,0.017566667
19.2664,0.008743333,0.01095,0.02264,0.023916667,0.030176667,0.018473333
19.4004,0.008226667,0.01191,0.02342,0.023896667,0.030033333,0.020833333
19.5353,0.008953333,0.011406667,0.024723333,0.025323333,0.029946667,0.01853
19.6711,0.009156667,0.0106,0.023426667,0.024616667,0.028896667,0.02009
19.8079,0.007586667,0.009423333,0.022463333,0.02285,0.02906,0.017976667
19.9456,0.008766667,0.010356667,0.021666667,0.02318,0.029783333,0.017963333
20.0843,0.005273333,0.008773333,0.02133,0.022516667,0.027406667,0.016943333
20.2239,0.00818,0.009516667,0.021683333,0.021623333,0.027143333,0.017613333
20.3645,0.007353333,0.01182,0.021493333,0.022366667,0.028796667,0.017946667
20.5061,0.00656,0.01036,0.020403333,0.022063333,0.027,0.017336667
20.6486,0.00747,0.00989,0.0207,0.02379,0.027803333,0.018276667
20.7922,0.00854,0.010036667,0.022133333,0.02382,0.027836667,0.016433333
20.9367,0.007966667,0.00934,0.02159,0.02293,0.02613,0.016903333
21.0823,0.00777,0.00875,0.020726667,0.022446667,0.02585,0.016643333
21.2288,0.00832,0.00951,0.02,0.020533333,0.026966667,0.01526
21.3764,0.007126667,0.00959,0.020873333,0.021926667,0.026603333,0.01678
21.525,0.006096667,0.008823333,0.01937,0.021836667,0.02498,0.017006667
21.6746,0.006056667,0.006633333,0.019346667,0.019956667,0.026423333,0.016046667
21.8252,0.00721,0.00805,0.022183333,0.021966667,0.02629,0.016503333
21.9769,0.006223333,0.007376667,0.018993333,0.020353333,0.026223333,0.014636667
22.1297,0.006343333,0.006986667,0.020223333,0.02098,0.026453333,0.01556
22.2835,0.007766667,0.010336667,0.02195,0.021436667,0.027866667,0.01689
22.4384,0.00654,0.00978,0.020913333,0.02074,0.028023333,0.015153333
22.5943,0.00533,0.00796,0.019266667,0.020086667,0.025753333,0.013943333
22.7514,0.007846667,0.007206667,0.019756667,0.021566667,0.02548,0.01471
22.9095,0.005446667,0.008756667,0.020623333,0.02147,0.027293333,0.01645
23.0687,0.00511,0.008036667,0.018753333,0.02114,0.0254,0.01569
23.229,0.006673333,0.00901,0.021723333,0.021273333,0.026916667,0.015783333
23.3904,0.006126667,0.00841,0.018966667,0.02092,0.02612,0.013706667
23.553,0.005756667,0.00826,0.01912,0.020706667,0.024533333,0.01376
23.7167,0.00711,0.010346667,0.020636667,0.022656667,0.027933333,0.01594
23.8815,0.005086667,0.007103333,0.017796667,0.020586667,0.02527,0.013703333
24.0474,0.006263333,0.008043333,0.01971,0.02145,0.027173333,0.01607
24.2146,0.00594,0.007986667,0.018083333,0.020736667,0.024436667,0.014036667
24.3828,0.005366667,0.00726,0.0197,0.02066,0.0261,0.014706667
24.5522,0.00723,0.008696667,0.01892,0.021366667,0.025903333,0.015156667
24.7229,0.004323333,0.0071,0.01734,0.018166667,0.02329,0.01389
24.8946,0.003706667,0.004813333,0.017236667,0.019783333,0.02336,0.012936667
25.0676,0.00531,0.006443333,0.018513333,0.01919,0.02469,0.01322
25.2418,0.005656667,0.006316667,0.017866667,0.020253333,0.02577,0.01316
25.4172,0.005666667,0.005763333,0.018246667,0.021196667,0.02417,0.012973333
25.5938,0.006133333,0.006876667,0.019533333,0.021993333,0.02612,0.014763333
25.7716,0.003503333,0.00614,0.01643,0.01953,0.023356667,0.01259
25.9506,0.005276667,0.00664,0.01803,0.020413333,0.023316667,0.012226667
26.131,0.004673333,0.007193333,0.017403333,0.020596667,0.023966667,0.01202
26.3125,0.00435,0.00655,0.01795,0.01898,0.024653333,0.012766667
26.4953,0.004283333,0.005673333,0.015773333,0.019513333,0.023616667,0.012703333
26.6794,0.003873333,0.00778,0.017646667,0.018963333,0.023993333,0.012693333
26.8647,0.003966667,0.007273333,0.01782,0.01821,0.0244,0.01188
27.0514,0.003643333,0.006686667,0.019056667,0.018496667,0.023336667,0.01221
27.2393,0.00421,0.005446667,0.018476667,0.01956,0.022293333,0.012473333
27.4285,0.004096667,0.004466667,0.015293333,0.01747,0.022483333,0.010553333
27.619,0.005996667,0.006493333,0.01824,0.019593333,0.02293,0.01133
27.8109,0.00344,0.005413333,0.01723,0.018823333,0.022826667,0.012476667
28.0041,0.00576,0.00666,0.018776667,0.019103333,0.02408,0.011466667
28.1986,0.00311,0.005123333,0.016396667,0.018046667,0.02106,0.00988
28.3945,0.00455,0.00697,0.01832,0.017513333,0.022586667,0.011423333
28.5918,0.004306667,0.005816667,0.018446667,0.01943,0.023956667,0.012016667
28.7904,0.00263,0.004676667,0.01687,0.017266667,0.021703333,0.011286667
28.9903,0.00344,0.004866667,0.017113333,0.01677,0.021276667,0.010443333
29.1917,0.003613333,0.00629,0.01612,0.017206667,0.02275,0.01061
29.3945,0.00394,0.00493,0.016716667,0.0187,0.023216667,0.010216667
29.5986,0.00461,0.006013333,0.016806667,0.016983333,0.021516667,0.00945
29.8042,0.00391,0.005163333,0.016763333,0.017833333,0.02205,0.01011
30.0112,0.003496667,0.00525,0.01553,0.01703,0.021933333,0.010626667
30.2197,0.002983333,0.00422,0.01471,0.017133333,0.02126,0.00908
30.4296,0.005023333,0.005593333,0.015396667,0.017603333,0.021703333,0.01127
30.6409,0.004903333,0.005983333,0.016066667,0.015603333,0.02222,0.009016667
30.8537,0.005293333,0.006193333,0.01581,0.01766,0.02063,0.010293333
31.068,0.00365,0.00543,0.016213333,0.017973333,0.021446667,0.010056667
31.2838,0.00351,0.005106667,0.01502,0.01662,0.021616667,0.00844
31.501,0.002386667,0.005956667,0.015246667,0.016286667,0.02051,0.008653333
31.7198,0.00467,0.00526,0.01617,0.01697,0.021156667,0.00975
31.9401,0.002986667,0.003153333,0.01401,0.015633333,0.019346667,0.00842
32.1619,0.00168,0.003576667,0.013373333,0.01559,0.019223333,0.008523333
32.3853,0.00276,0.004963333,0.014383333,0.016233333,0.02028,0.00846
32.6102,0.003936667,0.005376667,0.015076667,0.01728,0.020213333,0.01024
32.8366,0.00378,0.005676667,0.01513,0.017756667,0.02075,0.009003333
33.0647,0.004726667,0.006473333,0.0161,0.018333333,0.020446667,0.009196667
33.2943,0.003553333,0.00418,0.01616,0.016613333,0.020186667,0.00779
33.5255,0.003256667,0.005156667,0.015726667,0.017213333,0.019366667,0.00961
33.7583,0.003366667,0.004186667,0.014103333,0.016576667,0.019193333,0.008166667
33.9927,0.002556667,0.0049,0.014443333,0.017656667,0.018196667,0.007556667
34.2287,0.00281,0.004623333,0.01437,0.016723333,0.01925,0.00798
34.4664,0.002256667,0.003973333,0.014826667,0.014983333,0.01798,0.008593333
34.7057,0.001073333,0.003443333,0.013656667,0.014886667,0.01827,0.006836667
34.9467,0.002926667,0.003886667,0.013793333,0.014416667,0.01918,0.007973333
35.1894,0.003223333,0.00446,0.01458,0.014896667,0.019413333,0.008286667
35.4337,0.002763333,0.003763333,0.014343333,0.01421,0.019103333,0.007333333
35.6797,0.002936667,0.0039,0.0145,0.01546,0.01838,0.006603333
35.9275,0.002483333,0.003983333,0.014713333,0.015466667,0.0185,0.006443333
36.1769,0.00277,0.004716667,0.014293333,0.015033333,0.01981,0.00624
36.4281,0.002906667,0.00483,0.014076667,0.013743333,0.019783333,0.007716667
36.681,0.002973333,0.004243333,0.01359,0.015343333,0.018886667,0.00734
36.9357,0.002776667,0.005123333,0.013953333,0.015476667,0.01929,0.008253333
37.1921,0.002963333,0.003806667,0.013026667,0.014703333,0.017996667,0.00736
37.4504,0.00152,0.00379,0.012566667,0.014293333,0.017093333,0.005776667
37.7104,0.00226,0.00371,0.013136667,0.01565,0.017206667,0.006606667
37.9722,0.003166667,0.003473333,0.013566667,0.015753333,0.016696667,0.0063
38.2358,0.00243,0.00421,0.01312,0.014476667,0.016783333,0.005726667
38.5013,0.00248,0.003393333,0.013196667,0.013673333,0.016546667,0.006323333
38.7686,0.001373333,0.00294,0.011373333,0.012346667,0.01645,0.006043333
39.0377,0.000586667,0.002646667,0.01151,0.01437,0.015863333,0.004936667
39.3087,0.002586667,0.002286667,0.01117,0.01535,0.016673333,0.00522
39.5816,0.002483333,0.003096667,0.01373,0.01428,0.017563333,0.006746667
39.8564,0.0006,0.00185,0.012043333,0.013756667,0.016236667,0.004003333
40.1331,0.002523333,0.00323,0.013573333,0.014873333,0.016406667,0.005603333
40.4117,0.0024,0.00402,0.013306667,0.01527,0.01808,0.006473333
40.6922,0.003113333,0.003516667,0.013743333,0.014783333,0.01616,0.00563
40.9747,0.001646667,0.00265,0.012403333,0.013213333,0.015363333,0.00462
41.2591,0.001263333,0.002613333,0.01329,0.013906667,0.015796667,0.00508
41.5456,0.00155,0.00298,0.01192,0.013466667,0.015383333,0.004893333
41.834,0.001396667,0.002433333,0.012656667,0.013666667,0.016113333,0.005026667
42.1243,0.00191,0.003633333,0.013093333,0.01295,0.015916667,0.004246667
42.4168,0.001716667,0.0027,0.012923333,0.012856667,0.01585,0.005246667
42.7112,0.000216667,0.00187,0.011586667,0.01256,0.014776667,0.00379
43.0077,0.000796667,0.000626667,0.011293333,0.01265,0.014583333,0.005006667
43.3062,0.00082,0.002686667,0.011643333,0.012256667,0.014406667,0.00407
43.6068,9.67E-05,0.001413333,0.011353333,0.012063333,0.013833333,0.00305
43.9095,0.000193333,0.00082,0.012026667,0.012143333,0.013586667,0.002606667
44.2142,0.000566667,0.000923333,0.01154,0.011916667,0.013986667,0.00383
44.5211,0.00094,0.00198,0.011663333,0.012686667,0.014136667,0.004603333
44.8302,0.00043,0.001546667,0.01261,0.011593333,0.01301,0.00372
45.1413,-4.33E-05,0.001763333,0.01204,0.011373333,0.012116667,0.00339
45.4547,0.00147,0.00214,0.011293333,0.011343333,0.014426667,0.00355
45.7701,-4.67E-05,0.001323333,0.01151,0.011876667,0.014433333,0.002643333
46.0878,0.000456667,0.001286667,0.01058,0.01227,0.013376667,0.00301
46.4077,0.000633333,0.00206,0.010663333,0.012516667,0.01311,0.003496667
46.7298,0.000283333,0.002003333,0.010766667,0.012216667,0.013866667,0.003093333
47.0541,-0.000163333,0.001593333,0.010236667,0.01088,0.012806667,0.002283333
47.3807,0.000586667,0.00124,0.010183333,0.01072,0.013056667,0.002466667
47.7096,0.00133,0.001896667,0.01126,0.011516667,0.01325,0.003686667
48.0407,-0.000326667,0.000306667,0.010483333,0.010526667,0.01278,0.00245
48.3741,-0.000506667,-0.00029,0.009396667,0.009943333,0.011513333,0.001553333
48.7098,7.33E-05,0.000776667,0.00983,0.011176667,0.012003333,0.00192
49.0479,0.000476667,0.001393333,0.009393333,0.010683333,0.01205,0.001776667
49.3883,0.000743333,-0.000316667,0.010203333,0.011326667,0.011953333,0.002166667
49.731,-9.33E-05,-0.000166667,0.00892,0.01006,0.01172,0.001036667
50.0762,0.000376667,0.000623333,0.01042,0.010996667,0.011973333,0.00163
50.4237,0.000536667,0.000366667,0.010413333,0.010733333,0.01233,0.000883333
50.7737,0.000516667,0.000653333,0.011166667,0.010703333,0.012226667,0.002953333
51.126,0.000966667,0.001443333,0.009673333,0.009576667,0.011086667,0.0009
51.4808,1.33E-05,0.000253333,0.00938,0.010293333,0.01125,0.00143
51.8381,-0.001826667,-0.000246667,0.008426667,0.00897,0.01133,0.000816667
52.1978,-0.00083,0.00034,0.010463333,0.010236667,0.010646667,0.001063333
52.5601,-0.002553333,-0.001086667,0.008936667,0.009816667,0.01041,-0.000523333
52.9248,-0.00238,-0.00129,0.008463333,0.01048,0.01047,-0.000236667
53.2921,-0.00106,-0.000326667,0.008733333,0.009696667,0.010163333,0.001126667
53.6619,-0.0006,-0.0007,0.00894,0.009106667,0.010283333,0.0012
54.0343,1.00E-05,0.000746667,0.010443333,0.010883333,0.011056667,0.003083333
54.4092,-0.00066,0.000243333,0.00885,0.009453333,0.009373333,0.000873333
54.7868,-0.000163333,0.000496667,0.009513333,0.01028,0.0102,0.000426667
55.167,0.000976667,0.00092,0.010503333,0.00971,0.01072,0.000833333
55.5498,-0.000583333,-0.001526667,0.008663333,0.009056667,0.00929,-0.001263333
55.9353,-0.00057,-0.000416667,0.008766667,0.00997,0.010106667,0.000576667
56.3234,-0.002413333,-0.001676667,0.008263333,0.00845,0.009133333,-0.000493333
56.7142,-0.002413333,-0.00219,0.00774,0.007506667,0.009026667,-0.001653333
57.1078,-0.00171,-0.00194,0.008006667,0.00801,0.009583333,-0.000756667
57.504,-0.000626667,8.67E-05,0.00964,0.009243333,0.010413333,-0.000113333
57.903,-0.001423333,-0.00061,0.00799,0.009393333,0.009386667,-0.00091
58.3048,-0.00117,-0.000283333,0.00754,0.008763333,0.008806667,-0.000933333
58.7094,-0.001296667,-0.000643333,0.00761,0.008836667,0.009183333,-0.000823333
59.1168,-0.00079,3.00E-05,0.008416667,0.00947,0.00929,-0.000346667
59.527,-0.00134,-0.00057,0.007986667,0.007596667,0.009576667,0.000166667
60,-0.002096667,-0.00206,0.0076,0.007573333,0.00815,-0.001576667